{"cameraMode":{"drawMode":0,"name":"Shaded","section":"Shading Mode"},"sceneLighting":false,"audioPlay":false,"sceneViewState":{"showFog":true,"showMaterialUpdate":true,"showSkybox":true,"showFlares":true,"showImageEffects":true,"showParticleSystems":true},"in2DMode":false,"pivot":{"x":49.20000076293945,"y":1.304616928100586,"z":2.052884340286255},"rotation":{"x":-0.28969085216522219,"y":0.582618236541748,"z":-0.23359039425849915,"w":-0.7225446105003357},"size":9.513711929321289,"orthographic":false}