{"cameraMode":{"drawMode":0,"name":"Shaded","section":"Shading Mode"},"sceneLighting":false,"audioPlay":false,"sceneViewState":{"showFog":true,"showMaterialUpdate":true,"showSkybox":true,"showFlares":true,"showImageEffects":true,"showParticleSystems":true},"in2DMode":false,"pivot":{"x":49.400001525878909,"y":3.0199999809265138,"z":20.200000762939454},"rotation":{"x":0.05752798914909363,"y":-0.8742960691452026,"z":0.10702808201313019,"w":0.4699382483959198},"size":34.06211471557617,"orthographic":false}