{"cameraMode":{"drawMode":0,"name":"Shaded","section":"Shading Mode"},"sceneLighting":true,"audioPlay":false,"sceneViewState":{"showFog":true,"showMaterialUpdate":true,"showSkybox":true,"showFlares":true,"showImageEffects":true,"showParticleSystems":true},"in2DMode":false,"pivot":{"x":46.379493713378909,"y":1.1173193454742432,"z":-19.504539489746095},"rotation":{"x":-0.28969085216522219,"y":0.582618236541748,"z":-0.23359039425849915,"w":-0.7225446105003357},"size":67.38658142089844,"orthographic":false}