{"cameraMode":{"drawMode":0,"name":"Shaded","section":"Shading Mode"},"sceneLighting":false,"audioPlay":false,"sceneViewState":{"showFog":true,"showMaterialUpdate":true,"showSkybox":true,"showFlares":true,"showImageEffects":true,"showParticleSystems":true},"in2DMode":false,"pivot":{"x":5.644613265991211,"y":1.1173193454742432,"z":-9.129728317260743},"rotation":{"x":-0.057702790945768359,"y":0.8914099335670471,"z":-0.11863532662391663,"w":-0.4335717558860779},"size":9.513712882995606,"orthographic":false}