{"cameraMode":{"drawMode":0,"name":"Shaded","section":"Shading Mode"},"sceneLighting":true,"audioPlay":false,"sceneViewState":{"showFog":true,"showMaterialUpdate":true,"showSkybox":true,"showFlares":true,"showImageEffects":true,"showParticleSystems":true},"in2DMode":false,"pivot":{"x":3.773932456970215,"y":3.4484310150146486,"z":-6.449031829833984},"rotation":{"x":-0.057702790945768359,"y":0.8914099335670471,"z":-0.11863532662391663,"w":-0.4335717558860779},"size":62.923587799072269,"orthographic":false}