{"cameraMode":{"drawMode":0,"name":"Shaded","section":"Shading Mode"},"sceneLighting":false,"audioPlay":false,"sceneViewState":{"showFog":true,"showMaterialUpdate":true,"showSkybox":true,"showFlares":true,"showImageEffects":true,"showParticleSystems":true},"in2DMode":false,"pivot":{"x":0.0,"y":1.1046168804168702,"z":0.9205045700073242},"rotation":{"x":-0.09009526669979096,"y":0.8864760994911194,"z":-0.19480112195014954,"w":-0.409994512796402},"size":9.513711929321289,"orthographic":false}