{"cameraMode":{"drawMode":0,"name":"Shaded","section":"Shading Mode"},"sceneLighting":false,"audioPlay":false,"sceneViewState":{"showFog":true,"showMaterialUpdate":true,"showSkybox":true,"showFlares":true,"showImageEffects":true,"showParticleSystems":true},"in2DMode":false,"pivot":{"x":21.32771873474121,"y":0.6726433634757996,"z":5.890719413757324},"rotation":{"x":0.05752798914909363,"y":-0.8742960691452026,"z":0.10702808201313019,"w":0.4699382483959198},"size":3.2650842666625978,"orthographic":false}